insert into restaurant values
('Mike','https: mike','abc','kingston','k3d05l'),
('Jhon','https: jhon','cdb','kingston','o3s8j7'),
('Amy','https: amy','dem','kingston','m3j8a7'),
('Harvey','https: harvey','lkf','kingston','c0r3kf'),
('Lin','https: lin','oig','kingston','g4h8e1'),
('James','https: james','omg','kingston','f6z5h2');

insert into orderfood values
(1,'burger',5.0,16,'12:00','11:00',5, '2023-3-13'),
(2,'pizza',10.0,17,'9:10','8:30',6, '2023-3-21'),
(3,'hotdog',7.0,18,'18:06','17:50',7, '2023-3-20'),
(4,'rice',2.0,19,'19:01','18:30',8, '2023-3-31'),
(5,'chicken',15.0,20,'20:00','19:40',9, '2023-3-5'),
(6,'pork',25.0,21,'11:30','10:50',10, '2023-3-10');

insert into customer values
('123@mail','Miriam','Shubham','gmh','kingston','f7j3d8','1234567890'),
('456@mail','Romy','Thannasis','edg','kingston','f9lg5b','1111234567'),
('789@mail','Mac','Nout','yuh','kingston','l5k20d','1209475683'),
('012@mail','Nikhil','Kyveli','yhg','kingston','v943lf','2103487364'),
('245@mail','Sam','Aldus','hkl','kingston','c9l5a3','4957202756'),
('369@mail','Modesto','Chloe','blg','kingston','d3o5hz','5820475620');

insert into management values
(10,'asv','abc@mail'),
(11,'dcv','dcvfed@mail'),
(12,'ase','scvrq@mail'),
(13,'fadfvew','vregve@mail'),
(14,'rgmrg','scevv@mail'),
(15,'adnef','vwfwwe@mail');

insert into delivery values
(16,'dqfwef','fqefqwfh@mail'),
(17,'vwef','cwcn@mail'),
(18,'fwefwn','cewkjngwe@mail'),
(19,'fadjoief','cwenvkwe@mail'),
(20,'pofrm','pijng@mail'),
(21,'prfrbn','cwenfwvhrld@mail');

insert into chef values
(22,'nytn','fqefcwevfh@mail'),
(23,'nuyjki','cwcdcsfn@mail'),
(24,'fwemiu','cedewdwe@mail'),
(25,'fadjomiu','cwecwvecwce@mail'),
(26,'pofrmht','pcieng@mail'),
(27,'prfrnty','devwvhrld@mail');

insert into servers values
(28,'dqfwnyt','povndwfh@mail'),
(29,'vwwef','cwcnvd@mail'),
(30,'fwevrg','coifbgwe@mail'),
(31,'fadjgth6','pqockwe@mail'),
(32,'pobyn','cwcweeng@mail'),
(33,'prfrbnge','popqenfwvhrld@mail');

insert into ManagementSchedule values
('Monday','12:00','13:02',10),
('Tuesday','9:00','10:02',11),
('Wednesday','10:00','11:02',12),
('Thursday','12:30','13:03',13),
('Friday','12:50','13:10',14),
('Saturday','12:45','13:05',15);

insert into DeliverySchedule values
('Monday','12:00','13:02',16,1),
('Tuesday','9:00','10:02',17,2),
('Wednesday','10:00','11:02',18,3),
('Thursday','12:30','13:03',19,4),
('Friday','12:50','13:10',20,5),
('Saturday','12:45','13:05',21,6);

insert into ChefSchedule values
('Monday','12:00','13:02',22),
('Tuesday','9:00','10:02',23),
('Wednesday','10:00','11:02',24),
('Thursday','12:30','13:03',25),
('Friday','12:50','13:10',26),
('Saturday','12:45','13:05',27);

insert into ServerSchedule values
('Monday','12:00','13:02',28),
('Tuesday','9:00','10:02',29),
('Wednesday','10:00','11:02',30),
('Thursday','12:30','13:03',31),
('Friday','12:50','13:10',32),
('Saturday','12:45','13:05',33);

insert into employee values
(10,'asv','abc@mail'),
(11,'dcv','dcvfed@mail'),
(12,'ase','scvrq@mail'),
(13,'fadfvew','vregve@mail'),
(14,'rgmrg','scevv@mail'),
(15,'adnef','vwfwwe@mail'),
(16,'dqfwef','fqefqwfh@mail'),
(17,'vwef','cwcn@mail'),
(18,'fwefwn','cewkjngwe@mail'),
(19,'fadjoief','cwenvkwe@mail'),
(20,'pofrm','pijng@mail'),
(21,'prfrbn','cwenfwvhrld@mail'),
(22,'nytn','fqefcwevfh@mail'),
(23,'nuyjki','cwcdcsfn@mail'),
(24,'fwemiu','cedewdwe@mail'),
(25,'fadjomiu','cwecwvecwce@mail'),
(26,'pofrmht','pcieng@mail'),
(27,'prfrnty','devwvhrld@mail'),
(28,'dqfwnyt','povndwfh@mail'),
(29,'vwwef','cwcnvd@mail'),
(30,'fwevrg','coifbgwe@mail'),
(31,'fadjgth6','pqockwe@mail'),
(32,'pobyn','cwcweeng@mail'),
(33,'prfrbnge','popqenfwvhrld@mail');

insert into schedule values
('Monday','12:00','13:02',10),
('Tuesday','9:00','10:02',11),
('Wednesday','10:00','11:02',12),
('Thursday','12:30','13:03',13),
('Friday','12:50','13:10',14),
('Saturday','12:45','13:05',15),
('Monday','12:00','13:02',16),
('Tuesday','9:00','10:02',17),
('Wednesday','10:00','11:02',18),
('Thursday','12:30','13:03',19),
('Friday','12:50','13:10',20),
('Saturday','12:45','13:05',21),
('Monday','12:00','13:02',22),
('Tuesday','9:00','10:02',23),
('Wednesday','10:00','11:02',24),
('Thursday','12:30','13:03',25),
('Friday','12:50','13:10',26),
('Saturday','12:45','13:05',27),
('Monday','12:00','13:02',28),
('Tuesday','9:00','10:02',29),
('Wednesday','10:00','11:02',30),
('Thursday','12:30','13:03',31),
('Friday','12:50','13:10',32),
('Saturday','12:45','13:05',33);


insert into account values
('2022-01-01',15.0,'123@mail'),
('2022-04-09',33.0,'456@mail'),
('2022-06-05',26.0,'789@mail'),
('2022-01-20',19.0,'012@mail'),
('2022-07-31',45.0,'245@mail'),
('2022-08-31',32.0,'369@mail');

insert into CustomerPlaseOrderFromRestaurant values
(1,'123@mail','Mike','https: mike'),
(2,'456@mail','Jhon','https: jhon'),
(3,'789@mail','Amy','https: amy'),
(4,'012@mail','Harvey','https: harvey'),
(5,'245@mail','Lin','https: lin'),
(6,'369@mail','James','https: james');

insert into CustomerEmployeeRelationship values
('123@mail',10,16,22,28),
('456@mail',11,17,23,29),
('789@mail',12,18,24,30),
('012@mail',13,19,25,31),
('245@mail',14,20,26,32),
('369@mail',15,21,27,33);

insert into EmployeeWorkinRestaurant values
('Mike','https: mike'),
('Jhon','https: jhon'),
('Amy','https: amy'),
('Harvey','https: harvey'),
('Lin','https: lin'),
('James','https: james');

insert into company values
('Mike','https: mike'),
('Jhon','https: jhon'),
('Amy','https: amy'),
('Harvey','https: harvey'),
('Lin','https: lin'),
('James','https: james');

insert into onlinemenu values
('Mike','https: mike'),
('Jhon','https: jhon'),
('Amy','https: amy'),
('Harvey','https: harvey'),
('Lin','https: lin'),
('James','https: james');

insert into credentials values
(22,'wfcdsv'),
(23,'frgre'),
(24,'kouu'),
(25,'hgtrgrgrt'),
(26,'ferhyjrthg'),
(27,'ju6rth56hj');

insert into food values
('fryrice','100'),
('chickenrice','200'),
('porkrice','300'),
('beefrice','400'),
('carrotrice','500'),
('noodles','600');

insert into price values
('15.00'),
('25.00'),
('35.00'),
('10.00'),
('18.00'),
('19.00');